<?xml version="1.0" encoding="UTF-8"?>
<vcs-root xmlns:xsi="http://www.w3.org/2001/XMLSchema-instance" uuid="dd6b874b-2290-4aed-9ff3-91a2d8451da4" type="jetbrains.git" xsi:noNamespaceSchemaLocation="https://www.jetbrains.com/teamcity/schemas/2021.1/project-config.xsd">
  <name>aoneflow-sample-prd</name>
  <param name="agentCleanFilesPolicy" value="ALL_UNTRACKED" />
  <param name="agentCleanPolicy" value="ON_BRANCH_CHANGE" />
  <param name="authMethod" value="TEAMCITY_SSH_KEY" />
  <param name="branch" value="refs/heads/master" />
  <param name="ignoreKnownHosts" value="true" />
  <param name="submoduleCheckout" value="CHECKOUT" />
  <param name="teamcity:branchSpec" value="+:refs/heads/(release_prd)" />
  <param name="teamcitySshKey" value="id_teamcity_prd" />
  <param name="url" value="git@gitlab.com:idleray/teamcity-aoneflow-sample.git" />
  <param name="useAlternates" value="AUTO" />
  <param name="userForTags" value="teamcity_ci_prd" />
  <param name="usernameStyle" value="USERID" />
</vcs-root>

