<?xml version="1.0" encoding="UTF-8"?>
<vcs-root xmlns:xsi="http://www.w3.org/2001/XMLSchema-instance" uuid="06310cda-f035-427f-bbd8-2b6f49d66463" type="jetbrains.git" xsi:noNamespaceSchemaLocation="https://www.jetbrains.com/teamcity/schemas/2021.1/project-config.xsd">
  <name>aoneflow-sample</name>
  <param name="agentCleanFilesPolicy" value="ALL_UNTRACKED" />
  <param name="agentCleanPolicy" value="ON_BRANCH_CHANGE" />
  <param name="authMethod" value="TEAMCITY_SSH_KEY" />
  <param name="branch" value="refs/heads/master" />
  <param name="ignoreKnownHosts" value="true" />
  <param name="submoduleCheckout" value="CHECKOUT" />
  <param name="teamcity:branchSpec"><![CDATA[refs/heads/(feature/*)
refs/heads/(bugfix/*)
refs/heads/(qa-*)
refs/heads/(daily/*)]]></param>
  <param name="teamcitySshKey" value="id_teamcity_dev" />
  <param name="url" value="git@gitlab.com:idleray/teamcity-aoneflow-sample.git" />
  <param name="useAlternates" value="AUTO" />
  <param name="userForTags" value="teamcity_ci" />
  <param name="usernameStyle" value="USERID" />
</vcs-root>

