<?xml version="1.0" encoding="UTF-8"?>
<build-type xmlns:xsi="http://www.w3.org/2001/XMLSchema-instance" uuid="c9527a1c-6c2a-412d-809f-8ebf52508de5" xsi:noNamespaceSchemaLocation="https://www.jetbrains.com/teamcity/schemas/2021.1/project-config.xsd">
  <name>tool_create_release_prd</name>
  <description />
  <settings ref="AoneFlow_AoneflowTest_TemplateCreateReleasePrd">
    <parameters />
    <build-runners />
    <vcs-settings>
      <vcs-entry-ref root-id="AoneFlowPrd_AoneflowSamplePrd" />
    </vcs-settings>
    <requirements />
    <build-triggers />
    <cleanup />
  </settings>
</build-type>

