<?xml version="1.0" encoding="UTF-8"?>
<build-type xmlns:xsi="http://www.w3.org/2001/XMLSchema-instance" uuid="9db7bf05-e1dc-4da7-b8bd-f592fc99e147" xsi:noNamespaceSchemaLocation="https://www.jetbrains.com/teamcity/schemas/2021.1/project-config.xsd">
  <name>tool_merge_to_master</name>
  <description />
  <settings ref="AoneFlowPrd_TemplateToolMergeToMaster">
    <parameters />
    <build-runners />
    <vcs-settings>
      <vcs-entry-ref root-id="AoneFlowPrd_AoneflowSamplePrd" />
    </vcs-settings>
    <requirements />
    <build-triggers />
    <cleanup />
  </settings>
</build-type>

