<?xml version="1.0" encoding="UTF-8"?>
<template xmlns:xsi="http://www.w3.org/2001/XMLSchema-instance" uuid="dd10533d-9187-4633-bbfb-dcf5bb3adf94" xsi:noNamespaceSchemaLocation="https://www.jetbrains.com/teamcity/schemas/2021.1/project-config.xsd">
  <name>template_flow_automerge</name>
  <settings>
    <parameters />
    <build-runners>
      <runner id="RUNNER_21" name="" type="simpleRunner">
        <parameters>
          <param name="script.content" value="echo &quot;auto merge... &quot;" />
          <param name="teamcity.step.mode" value="default" />
          <param name="use.custom.script" value="true" />
        </parameters>
      </runner>
    </build-runners>
    <vcs-settings />
    <requirements />
    <build-triggers>
      <build-trigger id="TRIGGER_8" type="vcsTrigger">
        <parameters>
          <param name="branchFilter"><![CDATA[+:feature/*
+:bugfix/*
+:<default>]]></param>
          <param name="enableQueueOptimization" value="true" />
          <param name="quietPeriodMode" value="DO_NOT_USE" />
        </parameters>
      </build-trigger>
    </build-triggers>
    <cleanup />
  </settings>
</template>

