<?xml version="1.0" encoding="UTF-8"?>
<template xmlns:xsi="http://www.w3.org/2001/XMLSchema-instance" uuid="192d942b-9606-4b24-aac4-e942eab20456" xsi:noNamespaceSchemaLocation="https://www.jetbrains.com/teamcity/schemas/2021.1/project-config.xsd">
  <name>template_tool_create_qa</name>
  <settings>
    <options>
      <option name="branchFilter" value="" />
    </options>
    <parameters>
      <param name="qa_branch" value="1000" />
    </parameters>
    <build-runners>
      <runner id="RUNNER_22" name="" type="simpleRunner">
        <parameters>
          <param name="script.content"><![CDATA[branch=qa-%qa_branch%
echo $branch

buildBranch=%teamcity.build.branch%
echo "$buildBranch"
if [ "refs/heads/master" != "$buildBranch" ]; then
    echo "必须在master分支执行!"
    exit 1
fi

branchExisted=$(GIT_SSH_COMMAND="ssh -o UserKnownHostsFile=/dev/null -o StrictHostKeyChecking=no" git ls-remote --heads origin $branch)
echo "$branch是否存在：$branchExisted"
if [ -n "$branchExisted" ]; then
    echo "删除远程$branch--->"
    GIT_SSH_COMMAND="ssh -o UserKnownHostsFile=/dev/null -o StrictHostKeyChecking=no" git push origin --delete $branch || exit $?
fi

localBranch=$(git branch --list $branch)
if [ -n "$localBranch" ]; then
  echo "删除本地$branch--->"
  git branch -D $branch || exit $?
fi

echo "创建$branch"
git checkout -b $branch origin/master
GIT_SSH_COMMAND="ssh -o UserKnownHostsFile=/dev/null -o StrictHostKeyChecking=no" git push origin HEAD || exit $?]]></param>
          <param name="teamcity.step.mode" value="default" />
          <param name="use.custom.script" value="true" />
        </parameters>
      </runner>
    </build-runners>
    <vcs-settings />
    <requirements />
    <build-triggers />
    <build-extensions>
      <extension id="BUILD_EXT_3" type="ssh-agent-build-feature">
        <parameters>
          <param name="teamcitySshKey" value="id_teamcity_dev" />
        </parameters>
      </extension>
    </build-extensions>
    <cleanup />
  </settings>
</template>

