<?xml version="1.0" encoding="UTF-8"?>
<template xmlns:xsi="http://www.w3.org/2001/XMLSchema-instance" uuid="82c42538-1c5d-4935-964b-1b1ea86b1c85" xsi:noNamespaceSchemaLocation="https://www.jetbrains.com/teamcity/schemas/2021.1/project-config.xsd">
  <name>template_tool_create_daily</name>
  <settings>
    <parameters />
    <build-runners>
      <runner id="RUNNER_18" name="" type="simpleRunner">
        <parameters>
          <param name="script.content"><![CDATA[buildBranch=%teamcity.build.branch%
echo "$buildBranch"
if [ "refs/heads/master" != "$buildBranch" ]; then
    echo "必须在master分支执行!"
    exit 1
fi

date="`TZ=Asia/Shanghai date +\%Y\%m\%d\%H\%M\%S`"
dailyBranch=daily/$date

git checkout -b $dailyBranch origin/master || exit $?
echo "push $dailyBranch to remote"
GIT_SSH_COMMAND="ssh -o UserKnownHostsFile=/dev/null -o StrictHostKeyChecking=no" git push origin HEAD || exit $?]]></param>
          <param name="teamcity.step.mode" value="default" />
          <param name="use.custom.script" value="true" />
        </parameters>
      </runner>
    </build-runners>
    <vcs-settings />
    <requirements />
    <build-triggers />
    <build-extensions>
      <extension id="BUILD_EXT_1" type="ssh-agent-build-feature">
        <parameters>
          <param name="teamcitySshKey" value="id_teamcity_dev" />
        </parameters>
      </extension>
    </build-extensions>
    <cleanup />
  </settings>
</template>

