<?xml version="1.0" encoding="UTF-8"?>
<build-type xmlns:xsi="http://www.w3.org/2001/XMLSchema-instance" uuid="05ab14bc-514f-478a-abdc-7e6ce24a2230" xsi:noNamespaceSchemaLocation="https://www.jetbrains.com/teamcity/schemas/2021.1/project-config.xsd">
  <name>flow_automerge</name>
  <description />
  <settings ref="AoneFlow_AoneflowTest_TemplateFlowAutomerge">
    <parameters />
    <build-runners />
    <vcs-settings>
      <vcs-entry-ref root-id="AoneFlow_AoneflowSample" />
    </vcs-settings>
    <requirements />
    <build-triggers />
    <build-extensions>
      <extension id="BUILD_EXT_2" type="AutoMergeFeature">
        <parameters>
          <param name="teamcity.automerge.buildStatusCondition" value="successful" />
          <param name="teamcity.automerge.dstBranch" value="daily/20220928003446" />
          <param name="teamcity.automerge.message" value="Merge branch '%teamcity.build.branch%'" />
          <param name="teamcity.automerge.run.policy" value="runAfterBuildFinish" />
          <param name="teamcity.automerge.srcBranchFilter"><![CDATA[+:<default>
+:feature/f1]]></param>
          <param name="teamcity.merge.policy" value="alwaysCreateMergeCommit" />
        </parameters>
      </extension>
      <extension id="BUILD_EXT_4" type="AutoMergeFeature">
        <parameters>
          <param name="teamcity.automerge.buildStatusCondition" value="successful" />
          <param name="teamcity.automerge.dstBranch" value="qa-1000" />
          <param name="teamcity.automerge.message" value="Merge branch '%teamcity.build.branch%'" />
          <param name="teamcity.automerge.run.policy" value="runAfterBuildFinish" />
          <param name="teamcity.automerge.srcBranchFilter"><![CDATA[+:<default>
+:feature/f1]]></param>
          <param name="teamcity.merge.policy" value="alwaysCreateMergeCommit" />
        </parameters>
      </extension>
    </build-extensions>
    <cleanup />
  </settings>
</build-type>

