<?xml version="1.0" encoding="UTF-8"?>
<build-type xmlns:xsi="http://www.w3.org/2001/XMLSchema-instance" uuid="47786d7e-932b-4f73-9e40-182084a3ce82" xsi:noNamespaceSchemaLocation="https://www.jetbrains.com/teamcity/schemas/2021.1/project-config.xsd">
  <name>tool_create_daily</name>
  <description />
  <settings ref="AoneFlow_AoneflowTest_TemplateCreateReleaseDaily">
    <parameters />
    <build-runners />
    <vcs-settings>
      <vcs-entry-ref root-id="AoneFlow_AoneflowSample" />
    </vcs-settings>
    <requirements />
    <build-triggers />
    <cleanup />
  </settings>
</build-type>

