<?xml version="1.0" encoding="UTF-8"?>
<build-type xmlns:xsi="http://www.w3.org/2001/XMLSchema-instance" uuid="0eabee0b-5c5d-42e0-b712-5e2a361fc87c" xsi:noNamespaceSchemaLocation="https://www.jetbrains.com/teamcity/schemas/2021.1/project-config.xsd">
  <name>tool_create_qa</name>
  <description />
  <settings ref="AoneFlow_AoneflowTest_TemplateCreateQa">
    <parameters />
    <build-runners />
    <vcs-settings>
      <vcs-entry-ref root-id="AoneFlow_AoneflowSample" />
    </vcs-settings>
    <requirements />
    <build-triggers />
    <cleanup />
  </settings>
</build-type>

