<?xml version="1.0" encoding="UTF-8"?>
<template xmlns:xsi="http://www.w3.org/2001/XMLSchema-instance" uuid="90691a99-8336-467c-ab66-eb5a55d849db" xsi:noNamespaceSchemaLocation="https://www.jetbrains.com/teamcity/schemas/2021.1/project-config.xsd">
  <name>template_tool_merge_to_master</name>
  <settings>
    <options>
      <option name="branchFilter" value="+:release_prd" />
    </options>
    <parameters />
    <build-runners>
      <runner id="RUNNER_24" name="" type="simpleRunner">
        <parameters>
          <param name="script.content"><![CDATA[echo "合并 release_prd 到 master"
buildBranch=%teamcity.build.branch%
echo "$buildBranch"

if [ "release_prd" != "$buildBranch" ]; then
    echo "必须在release_prd分支执行合并!"
    exit 1
fi]]></param>
          <param name="teamcity.step.mode" value="default" />
          <param name="use.custom.script" value="true" />
        </parameters>
      </runner>
    </build-runners>
    <vcs-settings />
    <requirements />
    <build-triggers />
    <build-extensions>
      <extension id="BUILD_EXT_18" type="AutoMergeFeature">
        <parameters>
          <param name="teamcity.automerge.buildStatusCondition" value="successful" />
          <param name="teamcity.automerge.dstBranch" value="&lt;default&gt;" />
          <param name="teamcity.automerge.message" value="Merge branch '%teamcity.build.branch%'" />
          <param name="teamcity.automerge.run.policy" value="runBeforeBuildFinish" />
          <param name="teamcity.automerge.srcBranchFilter" value="+:release_prd" />
          <param name="teamcity.merge.policy" value="alwaysCreateMergeCommit" />
        </parameters>
      </extension>
    </build-extensions>
    <cleanup />
  </settings>
</template>

