<?xml version="1.0" encoding="UTF-8"?>
<template xmlns:xsi="http://www.w3.org/2001/XMLSchema-instance" uuid="8c2809c9-d087-4a88-9fe8-4203206dd15d" xsi:noNamespaceSchemaLocation="https://www.jetbrains.com/teamcity/schemas/2021.1/project-config.xsd">
  <name>template_tool_bump_version_ios</name>
  <settings>
    <options>
      <option name="branchFilter" value="+:release_prd" />
    </options>
    <parameters>
      <param name="marketing-version" value="1.0.0" />
      <param name="version" value="1.0.0" />
    </parameters>
    <build-runners>
      <runner id="RUNNER_37" name="bump-version" type="simpleRunner">
        <parameters>
          <param name="script.content"><![CDATA[git config user.name tanglei_ci
git config user.email tanglei@qibingdaojia.com

#xcrun agvtool new-marketing-version %marketing-version% || exit 1
#xcrun agvtool new-version -all %version% || exit 1
xocdeprojPath=$(find . -name "OnSiteService*.xcodeproj")
echo "xcodeproj目录：$xocdeprojPath"

sed -i '' -e 's/MARKETING_VERSION \= [^\;]*\;/MARKETING_VERSION = %marketing-version%;/' "$xocdeprojPath/project.pbxproj" || exit $?
sed -i '' -e 's/CURRENT_PROJECT_VERSION \= [^\;]*\;/CURRENT_PROJECT_VERSION = %version%;/' "$xocdeprojPath/project.pbxproj" || exit $?

GIT_SSH_COMMAND="ssh -o UserKnownHostsFile=/dev/null -o StrictHostKeyChecking=no" git commit -a -m"版本号升级到%marketing-version%" || exit $?
GIT_SSH_COMMAND="ssh -o UserKnownHostsFile=/dev/null -o StrictHostKeyChecking=no" git push origin || exit $?]]></param>
          <param name="teamcity.step.mode" value="default" />
          <param name="use.custom.script" value="true" />
        </parameters>
      </runner>
      <runner id="RUNNER_47" name="notify_qywx" type="simpleRunner">
        <parameters>
          <param name="script.content"><![CDATA[curl 'https://qyapi.weixin.qq.com/cgi-bin/webhook/send?key=8e24e493-d3c0-4f01-8120-421eb0577d35' \
   -H 'Content-Type: application/json' \
   -d '
   {
        "msgtype": "markdown",
        "markdown": {
            "content": "<font color=\"warning\">%system.teamcity.projectName%</font>已由<font color=\"warning\">%teamcity.build.triggeredBy.username%</font>更新版本号：<font color=\"warning\">marketing_version=%marketing-version%,version=%version%</font>"
        }
   }']]></param>
          <param name="teamcity.step.mode" value="default" />
          <param name="use.custom.script" value="true" />
        </parameters>
      </runner>
    </build-runners>
    <vcs-settings />
    <requirements>
      <equals id="RQ_4" name="teamcity.agent.jvm.os.name" value="Mac OS X" />
    </requirements>
    <build-triggers />
    <build-extensions>
      <extension id="BUILD_EXT_36" type="ssh-agent-build-feature">
        <parameters>
          <param name="teamcitySshKey" value="id_teamcity_prd" />
        </parameters>
      </extension>
    </build-extensions>
    <cleanup />
  </settings>
</template>

