<?xml version="1.0" encoding="UTF-8"?>
<template xmlns:xsi="http://www.w3.org/2001/XMLSchema-instance" uuid="a0020a00-58a1-403f-9aee-f3fac84f4e44" xsi:noNamespaceSchemaLocation="https://www.jetbrains.com/teamcity/schemas/2021.1/project-config.xsd">
  <name>template_tool_create_release_prd</name>
  <settings>
    <parameters />
    <build-runners>
      <runner id="RUNNER_25" name="checkBeforeCreate" type="simpleRunner">
        <parameters>
          <param name="script.content"><![CDATA[buildBranch=%teamcity.build.branch%
echo "$buildBranch"
branch="release_prd"
#git branch -a

branchExisted=$(GIT_SSH_COMMAND="ssh -o UserKnownHostsFile=/dev/null -o StrictHostKeyChecking=no" git ls-remote --heads origin $branch)
echo "$branch is：$branchExisted"
if [ -z "$branchExisted" ]; then
    echo "$branch不存在"
    exit 0
fi

if [ "refs/heads/master" != "$buildBranch" ]; then
    echo "必须在master分支执行!"
    exit 1
fi

echo "fetch $branch分支的最新修改"
GIT_SSH_COMMAND="ssh -o UserKnownHostsFile=/dev/null -o StrictHostKeyChecking=no" git fetch origin $branch

echo "比较远程release_prd和master的不同"
branchDiff=$(git diff origin/release_prd..origin/master)
if [ -n "$branchDiff" ]; then
    echo "release_prd和master代码不一致，请检查！"
    exit 1
fi]]></param>
          <param name="teamcity.step.mode" value="default" />
          <param name="use.custom.script" value="true" />
        </parameters>
      </runner>
      <runner id="RUNNER_23" name="create" type="simpleRunner">
        <parameters>
          <param name="script.content"><![CDATA[branch="release_prd"
echo $branch

branchExisted=$(GIT_SSH_COMMAND="ssh -o UserKnownHostsFile=/dev/null -o StrictHostKeyChecking=no" git ls-remote --heads origin $branch)
echo "$branch是否存在：$branchExisted"
if [ -n "$branchExisted" ]; then
    echo "删除远程$branch--->"
    # GitLab不允许用git删除保护分支
    # https://docs.gitlab.com/ee/user/project/protected_branches.html
    #GIT_SSH_COMMAND="ssh -o UserKnownHostsFile=/dev/null -o StrictHostKeyChecking=no" git push origin --delete $branch || exit $?
    curl --request DELETE --header "PRIVATE-TOKEN: glpat-n_HMuyckKkLaBxrSns5B" "https://gitlab.com/api/v4/projects/39686806/repository/branches/release_prd" || exit $?
fi

localBranch=$(git branch --list $branch)
if [ -n "$localBranch" ]; then
  echo "删除本地$branch"
  git branch -D $branch || exit $?
fi

echo "创建$branch"
git checkout -b $branch origin/master  || exit $?
#exitCode=$?
#if [ $exitCode -ne 0 ]; then
#    exit 1
#fi
GIT_SSH_COMMAND="ssh -o UserKnownHostsFile=/dev/null -o StrictHostKeyChecking=no" git push origin HEAD || exit $?]]></param>
          <param name="teamcity.step.mode" value="default" />
          <param name="use.custom.script" value="true" />
        </parameters>
      </runner>
    </build-runners>
    <vcs-settings />
    <requirements />
    <build-triggers />
    <build-extensions>
      <extension id="BUILD_EXT_5" type="ssh-agent-build-feature">
        <parameters>
          <param name="teamcitySshKey" value="id_teamcity_prd" />
        </parameters>
      </extension>
    </build-extensions>
    <cleanup />
  </settings>
</template>

