<?xml version="1.0" encoding="UTF-8"?>
<template xmlns:xsi="http://www.w3.org/2001/XMLSchema-instance" uuid="9f56c3d5-f482-4dff-8cb5-345d44b71e82" xsi:noNamespaceSchemaLocation="https://www.jetbrains.com/teamcity/schemas/2021.1/project-config.xsd">
  <name>template_tool_bump_version_android</name>
  <settings>
    <options>
      <option name="branchFilter" value="+:release_prd" />
    </options>
    <parameters>
      <param name="version_code" value="1" />
      <param name="version_name" value="1.0.0" />
    </parameters>
    <build-runners>
      <runner id="RUNNER_39" name="" type="simpleRunner">
        <parameters>
          <param name="script.content"><![CDATA[git config user.name tanglei_ci
git config user.email tanglei@qibingdaojia.com

sed -E -i 's/(app.versionCode=)(.*)/\1%version_code%/' gradle.properties
sed -E -i 's/(app.versionName=)(.*)/\1%version_name%/' gradle.properties

GIT_SSH_COMMAND="ssh -o UserKnownHostsFile=/dev/null -o StrictHostKeyChecking=no" git commit -a -m"版本号升级到%version_name%, versionCode=%version_code%" || exit $?
GIT_SSH_COMMAND="ssh -o UserKnownHostsFile=/dev/null -o StrictHostKeyChecking=no" git push origin || exit $?]]></param>
          <param name="teamcity.step.mode" value="default" />
          <param name="use.custom.script" value="true" />
        </parameters>
      </runner>
      <runner id="RUNNER_46" name="notify_qywx" type="simpleRunner">
        <parameters>
          <param name="script.content"><![CDATA[curl 'https://qyapi.weixin.qq.com/cgi-bin/webhook/send?key=8e24e493-d3c0-4f01-8120-421eb0577d35' \
   -H 'Content-Type: application/json' \
   -d '
   {
        "msgtype": "markdown",
        "markdown": {
            "content": "<font color=\"warning\">%system.teamcity.projectName%</font>已由<font color=\"warning\">%teamcity.build.triggeredBy.username%</font>更新版本号：<font color=\"warning\">versionCode=%version_code%,versionName=%version_name%</font>"
        }
   }']]></param>
          <param name="teamcity.step.mode" value="default" />
          <param name="use.custom.script" value="true" />
        </parameters>
      </runner>
    </build-runners>
    <vcs-settings />
    <requirements />
    <build-triggers />
    <build-extensions>
      <extension id="BUILD_EXT_41" type="ssh-agent-build-feature">
        <parameters>
          <param name="teamcitySshKey" value="id_teamcity_prd" />
        </parameters>
      </extension>
    </build-extensions>
    <cleanup />
  </settings>
</template>

